"","mass","rt","spectra Index"
"","225.0352","5.8313","1"
"","225.1201","5.8313","1"
"","225.125","5.8313","1"
"","225.1437","5.8313","1"
"","225.1777","5.8313","1"
"","225.1803","5.8313","1"
"","225.195","5.8313","1"
"","225.1958","5.8313","1"
"","225.3553","5.8388","1"
"","226.1818","5.8313","1"
"","226.183","5.8313","1"
"","226.198","5.8313","1"
"","226.3602","5.8314","1"
"","227.1992","5.8462","1"
"","227.2","5.8313","1"
"","247.1578","5.8313","1"
"","247.1614","5.8276","1"
"","247.1635","5.8313","1"
"","247.1778","5.8313","1"
"","247.2004","5.8163","1"
"","248.1756","5.8313","1"
"","248.1793","5.8313","1"
"","263.1519","5.8163","1"
"","266.2226","5.8388","1"
"","288.1893","5.8201","1"
"","288.2047","5.8313","1"
"","288.223","5.8238","1"
"","289.2012","5.8313","1"
"","289.2041","5.8351","1"
"","289.2062","5.8313","1"
"","289.2251","5.8388","1"
"","304.264","5.8687","1"
"","307.2349","5.8313","1"
"","350.1743","5.8313","1"
"","449.3588","5.8388","1"
"","449.3845","5.8388","1"
"","450.3873","5.8313","1"
"","471.3668","5.8351","1"
"","472.358","5.8313","1"
"","472.3691","5.8313","1"
"","473.3731","5.8313","1"
"","366.04","7.3207","2"
"","366.3734","7.3128","2"
"","367.3754","7.3124","2"
"","368.3825","7.2904","2"
"","388.3542","7.3132","2"
"","437.4113","7.2908","2"
"","438.4138","7.2982","2"
"","731.7339","7.3084","2"
"","732.7372","7.3132","2"
"","732.7495","7.3088","2"
"","184.0726","6.8685","3"
"","219.2106","6.8679","3"
"","237.2211","6.8718","3"
"","239.1487","6.9269","3"
"","254.248","6.8754","3"
"","283.175","6.9082","3"
"","288.1585","6.8936","3"
"","308.6732","6.8757","3"
"","312.3258","6.9189","3"
"","313.3287","6.9193","3"
"","318.1882","6.9045","3"
"","318.6909","6.9042","3"
"","327.2011","6.8754","3"
"","421.3522","6.9344","3"
"","438.3788","6.9269","3"
"","443.3353","6.9265","3"
"","482.4053","6.9042","3"
"","487.36","6.9046","3"
"","495.8166","6.8972","3"
"","496.3387","6.901","3"
"","496.5515","6.8972","3"
"","496.8652","6.8972","3"
"","497.3377","6.901","3"
"","497.343","6.8975","3"
"","497.3488","6.8973","3"
"","498.3429","6.8973","3"
"","498.3463","6.8972","3"
"","499.349","6.8972","3"
"","515.3102","6.8972","3"
"","515.3137","6.8971","3"
"","515.814","6.897","3"
"","519.3217","6.897","3"
"","519.3256","6.8971","3"
"","519.3303","6.8936","3"
"","526.4309","6.8827","3"
"","526.8061","6.8972","3"
"","527.435","6.8827","3"
"","528.8227","6.927","3"
"","534.2961","6.8974","3"
"","575.4112","6.8938","3"
"","580.2913","6.8972","3"
"","581.2957","6.8973","3"
"","586.3025","6.8899","3"
"","587.3125","6.8863","3"
"","591.3855","6.8719","3"
"","602.2738","6.9048","3"
"","672.454","6.8828","3"
"","672.955","6.8827","3"
"","675.4315","6.883","3"
"","694.462","6.8719","3"
"","694.9655","6.8753","3"
"","696.9421","6.8679","3"
"","762.9844","6.8753","3"
"","763.4794","6.8754","3"
"","763.4927","6.8754","3"
"","763.9886","6.8753","3"
"","765.9892","6.8754","3"
"","765.9939","6.879","3"
"","991.6589","6.8974","3"
"","991.6693","6.8973","3"
"","163.1479","7.1659","4"
"","170.1537","7.1572","4"
"","172.1143","7.1679","4"
"","172.1154","7.1731","4"
"","175.148","7.1659","4"
"","184.1696","7.1579","4"
"","193.1587","7.1659","4"
"","211.1691","7.1679","4"
"","222.1561","7.1572","4"
"","228.1958","7.166","4"
"","236.0595","7.1868","4"
"","247.2382","7.1579","4"
"","247.241","7.1586","4"
"","248.2452","7.1579","4"
"","250.1778","7.168","4"
"","265.2524","7.1585","4"
"","266.2557","7.1586","4"
"","282.0545","7.1579","4"
"","282.2593","7.1586","4"
"","282.2788","7.1586","4"
"","282.2964","7.1572","4"
"","282.298","7.1586","4"
"","282.504","7.1585","4"
"","283.282","7.1585","4"
"","283.301","7.1606","4"
"","366.2306","7.1566","4"
"","369.2974","7.1257","4"
"","407.258","7.1512","4"
"","408.3079","7.1586","4"
"","434.219","7.156","4"
"","477.4418","7.1514","4"
"","478.4445","7.149","4"
"","499.4235","7.1487","4"
"","563.5503","7.1586","4"
"","578.4259","7.1809","4"
"","609.4749","7.1816","4"
"","613.429","7.1731","4"
"","622.4528","7.1585","4"
"","634.5547","7.166","4"
"","635.4707","7.1608","4"
"","652.4987","7.1558","4"
"","653.4975","7.1586","4"
"","666.4761","7.1361","4"
"","696.5222","7.1344","4"
"","697.5279","7.1307","4"
"","697.5343","7.1297","4"
"","701.4794","7.135","4"
"","701.4859","7.135","4"
"","702.4836","7.1344","4"
"","806.5647","7.1868","4"
"","190.1257","6.7417","5"
"","227.1276","6.7345","5"
"","259.2167","6.7515","5"
"","271.1534","6.7197","5"
"","279.6452","6.7421","5"
"","280.1487","6.7421","5"
"","309.6755","6.7515","5"
"","375.2498","6.7346","5"
"","397.2944","6.7197","5"
"","414.3218","6.7197","5"
"","415.3242","6.7197","5"
"","419.276","6.716","5"
"","420.2802","6.7197","5"
"","463.3034","6.7063","5"
"","478.2931","6.7365","5"
"","479.2947","6.7414","5"
"","482.3236","6.751","5"
"","483.3277","6.7569","5"
"","500.2733","6.7413","5"
"","505.3106","6.7719","5"
"","512.4155","6.7661","5"
"","517.371","6.7615","5"
"","520.3248","6.7365","5"
"","520.3408","6.7419","5"
"","520.3749","6.7419","5"
"","521.3358","6.7392","5"
"","521.3392","6.7392","5"
"","539.3132","6.7494","5"
"","539.8159","6.7463","5"
"","542.3185","6.7387","5"
"","542.3201","6.7414","5"
"","542.3238","6.7419","5"
"","542.3574","6.7419","5"
"","543.3209","6.7417","5"
"","543.3244","6.7414","5"
"","556.4409","6.7534","5"
"","558.2942","6.7369","5"
"","561.3948","6.7437","5"
"","600.4649","6.7364","5"
"","600.4683","6.7345","5"
"","604.2915","6.7478","5"
"","605.2954","6.7422","5"
"","605.4239","6.7346","5"
"","610.3079","6.742","5"
"","611.31","6.7419","5"
"","611.3114","6.7405","5"
"","644.4932","6.7197","5"
"","804.5484","6.7414","5"
"","804.5562","6.733","5"
"","222.0977","6.6051","6"
"","264.1448","6.6392","6"
"","265.1468","6.6318","6"
"","266.1419","6.6337","6"
"","298.2734","6.6258","6"
"","320.3308","6.6084","6"
"","338.3416","6.6154","6"
"","338.363","6.6228","6"
"","339.3391","6.6154","6"
"","339.3433","6.6193","6"
"","339.3445","6.6193","6"
"","340.3484","6.614","6"
"","340.3517","6.6206","6"
"","357.2028","6.6078","6"
"","360.3236","6.6157","6"
"","378.282","6.6078","6"
"","379.1851","6.6072","6"
"","405.261","6.5922","6"
"","410.3834","6.6096","6"
"","427.3051","6.5854","6"
"","428.1459","6.6445","6"
"","468.3092","6.6304","6"
"","676.6782","6.6232","6"
"","722.5041","6.628","6"
"","722.5103","6.6296","6"
"","284.2897","7.3952","7"
"","285.2972","7.3992","7"
"","466.1784","7.4179","7"
"","780.5379","7.3664","7"
"","780.5523","7.3664","7"
"","781.5478","7.372","7"
"","781.5551","7.3888","7"
"","781.563","7.4055","7"
"","785.5853","7.382","7"
"","270.279","7.2087","8"
"","309.2789","7.2325","8"
"","310.31","7.2458","8"
"","311.3126","7.2456","8"
"","449.4101","7.2185","8"
"","450.4134","7.2238","8"
"","455.3344","7.2235","8"
"","503.3943","7.2311","8"
"","520.4189","7.233","8"
"","520.4226","7.2312","8"
"","524.3408","7.2134","8"
"","524.3589","7.2162","8"
"","564.4481","7.2108","8"
"","569.4003","7.2059","8"
"","609.3258","7.2342","8"
"","156.1382","6.4901","9"
"","157.1415","6.488","9"
"","174.1488","6.4947","9"
"","191.0704","6.5098","9"
"","205.0886","6.5164","9"
"","209.0798","6.5105","9"
"","255.2428","6.517","9"
"","256.245","6.5167","9"
"","257.2472","6.5173","9"
"","267.1724","6.5132","9"
"","277.218","6.5081","9"
"","277.223","6.517","9"
"","279.1586","6.5105","9"
"","280.2634","6.523","9"
"","289.1541","6.5089","9"
"","296.3309","6.5098","9"
"","298.3104","6.535","9"
"","301.0122","6.4871","9"
"","301.1406","6.5098","9"
"","301.1606","6.4991","9"
"","308.0437","6.5186","9"
"","318.2403","6.5036","9"
"","319.2518","6.5112","9"
"","320.2551","6.5155","9"
"","321.2582","6.5187","9"
"","339.1537","6.5248","9"
"","342.1674","6.5098","9"
"","345.1056","6.4964","9"
"","346.1085","6.4918","9"
"","352.3575","6.4993","9"
"","356.3524","6.4907","9"
"","376.357","6.5098","9"
"","386.1333","6.4947","9"
"","387.011","6.5254","9"
"","389.009","6.5229","9"
"","391.0059","6.5204","9"
"","400.3417","6.5022","9"
"","402.3561","6.5022","9"
"","426.3575","6.5317","9"
"","427.3605","6.5208","9"
"","431.3163","6.4871","9"
"","440.4097","6.5398","9"
"","441.4133","6.5383","9"
"","471.1046","6.5015","9"
"","472.1108","6.487","9"
"","473.1031","6.5015","9"
"","473.1098","6.4992","9"
"","474.1086","6.4964","9"
"","475.1004","6.5043","9"
"","475.1097","6.4964","9"
"","482.3986","6.5468","9"
"","483.4021","6.5462","9"
"","484.405","6.5458","9"
"","245.2263","6.9482","10"
"","263.2364","6.9476","10"
"","264.2403","6.9493","10"
"","281.2661","6.9473","10"
"","299.1387","6.9633","10"
"","352.3575","6.9638","10"
"","377.3258","6.9552","10"
"","399.308","6.9555","10"
"","427.042","6.9617","10"
"","429.0401","6.9695","10"
"","439.1335","6.9641","10"
"","440.1365","6.9712","10"
"","441.1306","6.9671","10"
"","522.3448","6.9418","10"
"","577.4106","6.9715","10"
"","577.8729","6.97","10"
"","585.2723","6.9628","10"
"","597.4074","6.9566","10"
"","599.8857","6.9625","10"
"","606.3083","6.9565","10"
"","607.3104","6.9627","10"
"","633.4554","6.9714","10"
"","672.5251","6.9628","10"
"","716.5503","6.9551","10"
"","815.3372","6.9713","10"
"","817.3326","6.9713","10"
"","155.0701","6.3673","11"
"","163.1328","6.3682","11"
"","217.1066","6.3682","11"
"","229.2274","6.3827","11"
"","255.1593","6.3664","11"
"","273.1698","6.3682","11"
"","274.1726","6.3673","11"
"","291.1807","6.3711","11"
"","315.2148","6.3744","11"
"","317.1957","6.3711","11"
"","325.0385","6.3944","11"
"","333.2273","6.3682","11"
"","435.2962","6.3723","11"
"","452.3213","6.3723","11"
"","453.3264","6.3723","11"
"","454.3277","6.3711","11"
"","456.8136","6.3669","11"
"","457.2773","6.3696","11"
"","457.7422","6.366","11"
"","458.2803","6.3682","11"
"","459.2823","6.3723","11"
"","473.251","6.3734","11"
"","474.2543","6.3682","11"
"","167.012","7.4844","12"
"","167.0333","7.4824","12"
"","168.0147","7.4854","12"
"","184.0281","7.4964","12"
"","185.0239","7.4851","12"
"","186.0433","7.4769","12"
"","190.0499","7.4785","12"
"","190.9793","7.4684","12"
"","190.9923","7.4787","12"
"","191.9811","7.4769","12"
"","192.9763","7.4695","12"
"","194.9765","7.4712","12"
"","204.0544","7.4943","12"
"","208.0399","7.4793","12"
"","208.9902","7.4785","12"
"","209.0802","7.4785","12"
"","210.0842","7.4858","12"
"","210.9867","7.4762","12"
"","212.9858","7.4823","12"
"","227.0685","7.4872","12"
"","227.0713","7.4774","12"
"","238.8837","7.4774","12"
"","245.0822","7.4931","12"
"","246.1014","7.4751","12"
"","255.94","7.4931","12"
"","255.9432","7.4806","12"
"","264.112","7.4966","12"
"","274.9732","7.4843","12"
"","276.9471","7.4844","12"
"","278.9443","7.4769","12"
"","279.159","7.4844","12"
"","279.9063","7.4769","12"
"","279.9092","7.4769","12"
"","281.9065","7.478","12"
"","283.9057","7.4763","12"
"","296.9703","7.4801","12"
"","297.9736","7.4769","12"
"","300.0234","7.5141","12"
"","316.001","7.4801","12"
"","317.0042","7.4672","12"
"","320.937","7.4826","12"
"","321.9392","7.4918","12"
"","322.9355","7.4844","12"
"","323.9901","7.5095","12"
"","324.933","7.4844","12"
"","335.0325","7.4731","12"
"","339.9681","7.4839","12"
"","341.9658","7.4769","12"
"","343.9644","7.4806","12"
"","348.8991","7.4805","12"
"","391.2845","7.4788","12"
"","392.2869","7.4731","12"
"","399.1589","7.5005","12"
"","413.2367","7.5141","12"
"","413.264","7.508","12"
"","413.2666","7.508","12"
"","414.2688","7.514","12"
"","415.2719","7.5102","12"
"","418.1893","7.4998","12"
"","429.24","7.5214","12"
"","430.2436","7.5214","12"
"","431.2412","7.5229","12"
"","454.2925","7.5065","12"
"","455.2972","7.5071","12"
"","469.9263","7.4878","12"
"","511.2254","7.4844","12"
"","516.1602","7.4779","12"
"","516.2638","7.4918","12"
"","536.2971","7.4911","12"
"","629.1612","7.4844","12"
"","803.5323","7.4696","12"
"","172.1146","6.5558","13"
"","200.2009","6.5542","13"
"","204.0876","6.5558","13"
"","271.221","6.5623","13"
"","272.2235","6.5652","13"
"","371.3252","6.5529","13"
"","493.3127","6.5672","13"
"","522.4306","6.5698","13"
"","523.4333","6.569","13"
"","524.4383","6.5702","13"
"","564.3047","6.561","13"
"","565.3085","6.5588","13"
"","338.3417","7.0884","14"
"","339.3451","7.0905","14"
"","340.3547","7.079","14"
"","391.3412","7.0964","14"
"","393.206","7.0865","14"
"","413.3238","7.0905","14"
"","415.1888","7.0893","14"
"","425.2864","7.0709","14"
"","452.395","7.0632","14"
"","453.3979","7.0608","14"
"","457.3498","7.0637","14"
"","497.4243","7.0384","14"
"","501.3762","7.0399","14"
"","670.5113","7.0918","14"
"","700.5645","7.0385","14"
"","701.5662","7.0421","14"
"","714.535","7.0757","14"
"","736.5159","7.0987","14"
"","737.5219","7.1007","14"
"","737.5283","7.0997","14"
"","740.5941","7.0772","14"
"","741.4729","7.0954","14"
"","741.602","7.0739","14"
"","742.4767","7.097","14"
"","754.533","7.0862","14"
"","754.5393","7.0862","14"
"","785.4967","7.0736","14"
"","789.5276","7.0925","14"
"","811.5793","7.0849","14"
"","824.5848","7.0634","14"
"","825.587","7.0709","14"
"","828.6043","7.0766","14"
"","829.5163","7.0634","14"
"","842.5906","7.0384","14"
"","874.6436","7.0609","14"
"","916.6549","7.0421","14"
"","917.5675","7.0382","14"
"","917.6694","7.0414","14"
"","918.5708","7.0379","14"
"","171.1379","6.8387","15"
"","228.2319","6.825","15"
"","269.2588","6.8245","15"
"","294.1888","6.7821","15"
"","324.3257","6.8171","15"
"","325.3289","6.8178","15"
"","363.3106","6.8252","15"
"","385.2924","6.8158","15"
"","407.3369","6.8036","15"
"","424.3631","6.7946","15"
"","429.3181","6.794","15"
"","430.3214","6.7872","15"
"","464.3582","6.8348","15"
"","468.3893","6.784","15"
"","473.3451","6.7807","15"
"","546.3555","6.817","15"
"","570.458","6.8607","15"
"","571.46","6.8609","15"
"","571.4635","6.8607","15"
"","614.4841","6.8464","15"
"","616.0755","6.788","15"
"","617.3936","6.7868","15"
"","617.7284","6.794","15"
"","645.4273","6.779","15"
"","654.2964","6.8605","15"
"","658.5062","6.8319","15"
"","658.5087","6.8311","15"
"","658.5139","6.8345","15"
"","659.5126","6.8318","15"
"","702.5336","6.8202","15"
"","716.473","6.8607","15"
"","716.9868","6.8612","15"
"","718.955","6.8612","15"
"","718.962","6.8612","15"
"","719.4594","6.8605","15"
"","721.4372","6.8429","15"
"","723.9715","6.8646","15"
"","730.4808","6.846","15"
"","738.4899","6.8533","15"
"","738.9884","6.8536","15"
"","738.9949","6.8536","15"
"","739.0016","6.8568","15"
"","739.494","6.8533","15"
"","739.5008","6.8532","15"
"","740.9657","6.846","15"
"","740.9722","6.846","15"
"","741.4797","6.8468","15"
"","741.9744","6.8537","15"
"","743.4473","6.8457","15"
"","743.9504","6.8496","15"
"","746.5567","6.8088","15"
"","751.9891","6.8387","15"
"","751.9948","6.8395","15"
"","760.5027","6.8396","15"
"","760.51","6.8387","15"
"","761.0024","6.8427","15"
"","765.4575","6.8353","15"
"","774.0053","6.8382","15"
"","783.0156","6.8313","15"
"","783.0297","6.8319","15"
"","784.9879","6.8348","15"
"","784.9953","6.8348","15"
"","785.0044","6.8391","15"
"","787.9754","6.8252","15"
"","796.0164","6.8237","15"
"","804.5295","6.8163","15"
"","805.0233","6.8252","15"
"","805.0309","6.8246","15"
"","806.0351","6.818","15"
"","807.0029","6.825","15"
"","808.0106","6.8313","15"
"","809.4876","6.8167","15"
"","810.0155","6.8245","15"
"","818.0299","6.8163","15"
"","826.5352","6.8165","15"
"","827.5456","6.818","15"
"","828.056","6.825","15"
"","829.0239","6.8135","15"
"","830.0219","6.818","15"
"","831.4989","6.8239","15"
"","833.5326","6.816","15"
"","849.5591","6.8086","15"
"","850.054","6.8098","15"
"","856.0466","6.8086","15"
"","856.0549","6.8094","15"
"","862.0654","6.8083","15"
"","870.5641","6.8022","15"
"","871.0638","6.8083","15"
"","872.0732","6.8036","15"
"","872.0824","6.8036","15"
"","873.0586","6.8058","15"
"","873.5439","6.796","15"
"","874.0457","6.8086","15"
"","878.0622","6.8012","15"
"","892.5732","6.8009","15"
"","892.5825","6.8009","15"
"","892.5993","6.7941","15"
"","893.0743","6.8012","15"
"","893.0834","6.8012","15"
"","894.095","6.8032","15"
"","895.0641","6.8055","15"
"","896.062","6.7951","15"
"","915.0935","6.7915","15"
"","915.1029","6.7893","15"
"","915.595","6.7915","15"
"","917.0738","6.7893","15"
"","917.0828","6.7914","15"
"","936.6096","6.7815","15"
"","937.1005","6.7875","15"
"","937.1091","6.7877","15"
"","251.2366","6.6691","16"
"","337.2786","6.6996","16"
"","360.0626","6.6745","16"
"","441.3208","6.7049","16"
"","442.3244","6.7042","16"
"","458.3482","6.7042","16"
"","459.3503","6.7012","16"
"","468.4407","6.6753","16"
"","469.4445","6.6744","16"
"","485.3464","6.6897","16"
"","494.3241","6.6864","16"
"","495.3281","6.6825","16"
"","502.2924","6.7045","16"
"","502.3738","6.6895","16"
"","503.2972","6.7045","16"
"","503.3776","6.6933","16"
"","507.3296","6.6899","16"
"","516.3057","6.6777","16"
"","517.3092","6.6777","16"
"","524.2737","6.6974","16"
"","545.3428","6.7042","16"
"","546.3991","6.6765","16"
"","547.4025","6.6753","16"
"","548.2749","6.6595","16"
"","566.3186","6.7","16"
"","566.3232","6.7","16"
"","568.3393","6.6595","16"
"","590.3183","6.6594","16"
"","591.3247","6.6595","16"
"","591.4305","6.66","16"
"","595.3809","6.669","16"
"","596.3842","6.6671","16"
"","634.3096","6.6897","16"
"","688.5178","6.7048","16"
"","776.5688","6.6822","16"
"","220.1121","6.4277","17"
"","226.2164","6.447","17"
"","227.22","6.4452","17"
"","235.1691","6.4291","17"
"","263.1278","6.4596","17"
"","270.3153","6.4795","17"
"","284.3312","6.4719","17"
"","286.31","6.4795","17"
"","300.9925","6.4804","17"
"","301.9939","6.4804","17"
"","302.99","6.4814","17"
"","309.1125","6.4487","17"
"","324.2105","6.441","17"
"","326.3778","6.4643","17"
"","327.3814","6.4664","17"
"","330.3367","6.4567","17"
"","330.3572","6.4565","17"
"","331.0941","6.4453","17"
"","331.34","6.4567","17"
"","341.2256","6.4589","17"
"","352.3522","6.4668","17"
"","388.1159","6.4277","17"
"","410.0965","6.4261","17"
"","424.3402","6.4273","17"
"","425.3455","6.4268","17"
"","466.3668","6.4333","17"
"","751.62","6.4739","17"
"","204.088","5.199","18"
"","211.0353","5.2111","18"
"","211.1504","5.2163","18"
"","211.1617","5.2142","18"
"","211.1646","5.2093","18"
"","211.1675","5.2098","18"
"","211.1806","5.2098","18"
"","211.1935","5.2102","18"
"","211.2016","5.2079","18"
"","211.2126","5.2093","18"
"","211.3263","5.2175","18"
"","212.1817","5.2128","18"
"","213.1864","5.2142","18"
"","228.2323","5.1925","18"
"","233.1466","5.2111","18"
"","233.1617","5.2137","18"
"","234.1641","5.2098","18"
"","249.1364","5.2102","18"
"","268.2249","5.171","18"
"","274.1891","5.2133","18"
"","274.2074","5.2163","18"
"","275.1908","5.2133","18"
"","307.0361","5.1909","18"
"","443.3362","5.2185","18"
"","444.3394","5.2181","18"
"","623.4405","5.2111","18"
"","186.1852","6.2916","19"
"","286.2742","6.2979","19"
"","286.2932","6.2986","19"
"","287.2766","6.2965","19"
"","299.1221","6.2768","19"
"","302.305","6.3","19"
"","302.3246","6.2992","19"
"","303.3082","6.3","19"
"","324.2875","6.2993","19"
"","325.29","6.2994","19"
"","346.3316","6.2904","19"
"","214.9944","6.067","20"
"","244.2635","6.0729","20"
"","257.2667","6.0628","20"
"","272.2585","6.0748","20"
"","273.1029","6.009","20"
"","274.2737","6.0389","20"
"","274.2923","6.0373","20"
"","274.4896","6.0373","20"
"","275.2763","6.037","20"
"","275.2957","6.0427","20"
"","276.2801","6.0397","20"
"","289.01","6.0562","20"
"","296.2565","6.0629","20"
"","296.2753","6.0381","20"
"","297.0722","6.0729","20"
"","297.2586","6.0629","20"
"","311.0679","6.0116","20"
"","318.3002","6.0437","20"
"","351.008","6.0127","20"
"","353.0054","6.0127","20"
"","355.0015","6.0167","20"
"","513.848","7.016","21"
"","886.6038","7.0146","21"
"","890.6365","7.0079","21"
"","891.564","7.0161","21"
"","912.6385","7.0345","21"
"","913.6195","7.0362","21"
"","957.64","7.0204","21"
"","957.6696","7.0215","21"
"","962.6975","7.0253","21"
"","172.1695","6.2058","22"
"","241.1733","6.1399","22"
"","257.1683","6.1351","22"
"","281.1383","6.1723","22"
"","295.1176","6.1723","22"
"","302.2148","6.1724","22"
"","307.0932","6.1831","22"
"","329.0751","6.1824","22"
"","344.1215","6.1375","22"
"","344.2793","6.155","22"
"","348.3261","6.1808","22"
"","359.0737","6.1451","22"
"","361.2881","6.2021","22"
"","410.3061","6.1819","22"
"","411.3088","6.1819","22"
"","414.2995","6.1648","22"
"","415.2092","6.168","22"
"","415.2118","6.1701","22"
"","416.2159","6.1701","22"
"","417.2173","6.1723","22"
"","432.2374","6.1733","22"
"","433.242","6.171","22"
"","437.1623","6.1701","22"
"","437.1647","6.1733","22"
"","437.1908","6.1701","22"
"","437.1936","6.1701","22"
"","437.2216","6.168","22"
"","437.6261","6.168","22"
"","438.1703","6.1679","22"
"","438.1976","6.168","22"
"","439.1989","6.1679","22"
"","440.2025","6.1679","22"
"","450.321","6.1831","22"
"","451.3244","6.1777","22"
"","453.1386","6.1723","22"
"","453.1678","6.1701","22"
"","453.182","6.1723","22"
"","454.1719","6.1733","22"
"","455.1673","6.1701","22"
"","460.2695","6.1656","22"
"","461.2733","6.1648","22"
"","472.3032","6.1831","22"
"","494.2854","6.1653","22"
"","499.1637","6.1723","22"
"","505.1814","6.1739","22"
"","543.2605","6.1429","22"
"","827.47","6.168","22"
"","851.3966","6.1701","22"
"","852.4011","6.168","22"
"","867.3693","6.1701","22"
"","256.2631","7.1123","23"
"","256.2668","7.1123","23"
"","257.2655","7.1128","23"
"","710.5048","7.1136","23"
"","740.547","7.1136","23"
"","741.5545","7.1133","23"
"","746.5088","7.1133","23"
"","242.2841","6.3285","24"
"","326.3051","6.3299","24"
"","327.3078","6.3322","24"
"","333.1089","6.3302","24"
"","200.2372","6.1209","25"
"","214.2523","6.0963","25"
"","215.255","6.0968","25"
"","230.2478","6.1141","25"
"","231.2508","6.11","25"
"","318.2787","6.0952","25"
"","319.2822","6.0957","25"
"","356.194","6.0836","25"
"","364.1117","6.1272","25"
"","370.2748","6.1247","25"
"","481.3487","7.2619","26"
"","158.1539","5.5536","27"
"","159.1573","5.5526","27"
"","181.0857","5.551","27"
"","197.1648","5.5335","27"
"","222.0406","5.5576","27"
"","227.1575","5.5975","27"
"","228.1606","5.5939","27"
"","228.1955","5.5596","27"
"","240.0512","5.5576","27"
"","243.1524","5.5939","27"
"","250.1778","5.5618","27"
"","251.1811","5.5603","27"
"","279.0619","5.5777","27"
"","280.065","5.5769","27"
"","281.0575","5.5737","27"
"","283.154","5.5543","27"
"","285.0678","5.5448","27"
"","301.0404","5.569","27"
"","301.0436","5.5781","27"
"","301.0647","5.5737","27"
"","301.0676","5.5699","27"
"","302.0464","5.5744","27"
"","304.0428","5.5619","27"
"","307.0526","5.5449","27"
"","317.0118","5.5698","27"
"","317.0155","5.5706","27"
"","334.0903","5.6013","27"
"","342.0701","5.5773","27"
"","343.074","5.578","27"
"","375.0405","5.5489","27"
"","569.1319","5.605","27"
"","294.2426","6.4058","28"
"","316.2231","6.4022","28"
"","326.1725","6.3985","28"
"","332.3328","6.4022","28"
"","336.0657","6.3985","28"
"","355.0392","6.411","28"
"","356.0417","6.4116","28"
"","357.0373","6.411","28"
"","358.0428","6.406","28"
"","412.3782","6.4116","28"
"","512.3512","6.406","28"
"","521.0881","6.401","28"
"","527.0845","6.3992","28"
"","529.081","6.4022","28"
"","649.1465","6.41","28"
"","590.3231","6.6564","29"
"","239.0307","5.0382","30"
"","261.0128","5.0609","30"
"","314.2326","5.0553","30"
"","186.2217","5.2874","31"
"","199.1846","5.322","31"
"","200.1837","5.324","31"
"","218.1777","5.3249","31"
"","219.1858","5.3158","31"
"","221.1623","5.3226","31"
"","262.189","5.3172","31"
"","373.0529","5.3329","31"
"","355.2821","6.9779","32"
"","553.8837","6.9787","32"
"","555.3986","6.9849","32"
"","585.4763","6.9963","32"
"","628.4993","6.9839","32"
"","629.5024","6.9839","32"
"","277.1357","5.6105","33"
"","283.0873","5.6492","33"
"","304.2632","5.6251","33"
"","515.2296","5.6207","33"
"","516.2333","5.625","33"
"","517.2269","5.6168","33"
"","292.2246","6.2542","34"
"","293.2275","6.263","34"
"","295.2268","6.2693","34"
"","313.1019","6.2591","34"
"","335.084","6.2609","34"
"","336.2521","6.2547","34"
"","246.2429","5.1602","35"
"","247.2463","5.1602","35"
"","150.9852","7.4658","36"
"","347.899","7.4605","36"
"","255.0075","5.4897","37"
"","276.1529","5.4869","37"
"","276.9896","5.4814","37"
"","289.0439","5.4815","37"
"","342.9549","5.5283","37"
"","342.9576","5.5303","37"
"","344.946","5.5208","37"
"","153.0109","7.7215","38"
"","178.9922","7.6366","38"
"","180.9899","7.682","38"
"","182.9852","7.6749","38"
"","182.9972","7.6861","38"
"","183.9863","7.6752","38"
"","196.0166","7.7131","38"
"","197.0007","7.7131","38"
"","197.0372","7.6996","38"
"","200.9958","7.7019","38"
"","215.0478","7.6691","38"
"","222.1279","7.6511","38"
"","223.1485","7.6517","38"
"","224.0135","7.675","38"
"","224.1238","7.6212","38"
"","242.0223","7.6911","38"
"","243.0414","7.6911","38"
"","251.1434","7.6268","38"
"","256.0741","7.6758","38"
"","293.9995","7.6811","38"
"","302.9712","7.6993","38"
"","310.948","7.6349","38"
"","312.9431","7.6355","38"
"","313.9465","7.6552","38"
"","328.9155","7.6774","38"
"","330.9581","7.6592","38"
"","336.9095","7.6544","38"
"","338.9045","7.6582","38"
"","339.9038","7.6589","38"
"","340.9055","7.6584","38"
"","368.9845","7.7119","38"
"","407.8913","7.6702","38"
"","434.8521","7.6692","38"
"","264.2321","5.3703","39"
"","265.2351","5.3682","39"
"","342.2539","5.4068","39"
"","315.0594","5.7787","40"
"","348.1349","5.7786","40"
"","409.1614","5.7711","40"
"","329.2513","5.4235","41"
"","389.2654","5.4418","41"
"","390.2689","5.4403","41"
"","225.1443","7.6125","42"
"","231.9708","7.6124","42"
"","233.9664","7.5894","42"
"","274.993","7.5818","42"
"","574.2778","7.5782","42"
"","202.2166","5.2761","43"
"","316.1843","5.2761","43"
"","318.1163","5.9438","44"
"","169.9773","7.7564","45"
"","201.008","7.7789","45"
"","242.0349","7.7828","45"
"","256.0868","7.7352","45"
"","260.049","7.766","45"
"","261.0702","7.775","45"
"","275.1179","7.751","45"
"","279.0764","7.7944","45"
"","158.0269","7.9873","46"
"","216.0853","7.9873","46"
"","229.1424","7.9873","46"
"","289.2008","7.9832","46"
"","259.0768","7.9448","47"
"","157.0836","7.8781","48"
"","225.2144","5.8313","49"
"","229.1406","5.8238","50"
"","503.2964","5.8163","51"
"","637.4558","5.8388","52"
"","415.3415","7.2972","53"
"","437.3228","7.2997","53"
"","438.3269","7.2982","53"
"","296.2946","7.3429","54"
"","668.6181","7.3342","54"
"","540.533","7.3109","55"
"","541.5372","7.3057","55"
"","323.932","7.3393","56"
"","394.4041","7.2812","57"
"","471.1046","7.3453","58"
"","539.3925","7.3045","59"
"","531.3865","6.8901","60"
"","570.4538","6.868","61"
"","619.9241","6.9344","62"
"","312.3458","6.9195","63"
"","586.3089","6.8827","64"
"","650.9405","6.8973","65"
"","652.4964","7.1572","66"
"","759.5616","7.1879","67"
"","608.4726","7.1816","68"
"","504.3064","6.7664","69"
"","521.3431","6.7392","70"
"","783.5738","6.7515","71"
"","634.4483","6.652","72"
"","634.4531","6.652","72"
"","635.454","6.6488","72"
"","359.3713","6.5878","73"
"","312.3624","6.5968","74"
"","395.0709","6.6213","75"
"","358.368","6.5854","76"
"","383.2791","6.5908","77"
"","449.2873","6.5776","78"
"","430.3896","6.6228","79"
"","540.3055","6.5953","80"
"","490.29","6.6292","81"
"","678.4762","6.6371","82"
"","397.0687","6.6221","83"
"","409.3786","6.6039","84"
"","491.2943","6.6263","85"
"","394.2083","6.6394","86"
"","284.2945","7.3972","87"
"","284.3133","7.3992","88"
"","453.3166","7.3937","89"
"","958.7636","7.4082","90"
"","271.2824","7.2102","91"
"","546.352","7.2232","92"
"","547.3557","7.2232","93"
"","608.322","7.227","94"
"","786.5831","7.2468","95"
"","310.0415","6.5223","96"
"","302.1444","6.5068","97"
"","357.3546","6.4869","98"
"","551.3139","6.5407","99"
"","738.1246","6.4967","100"
"","523.3597","6.9417","101"
"","612.3245","6.9564","101"
"","242.2481","6.9375","102"
"","732.5509","6.9516","103"
"","258.2793","6.3436","104"
"","259.2823","6.3436","104"
"","399.3578","6.3441","104"
"","387.322","6.3882","105"
"","436.2992","6.3723","106"
"","317.2237","6.39","107"
"","398.3262","6.3974","108"
"","333.334","6.3963","109"
"","505.1027","6.3969","110"
"","535.3404","6.3757","111"
"","520.1562","7.4695","112"
"","382.3672","6.5672","113"
"","760.5804","7.074","114"
"","784.5749","7.1019","114"
"","785.5781","7.0908","114"
"","785.5928","7.1054","114"
"","786.5902","7.0881","114"
"","868.6126","7.0491","115"
"","869.6007","7.0517","115"
"","321.3148","7.0808","116"
"","512.5044","7.0882","117"
"","873.6299","7.0563","118"
"","873.6467","7.0563","119"
"","483.3644","7.0889","120"
"","829.6089","7.0731","121"
"","869.6165","7.0501","122"
"","916.645","7.0421","123"
"","544.3305","6.8252","124"
"","544.3363","6.8287","125"
"","546.3468","6.8127","126"
"","707.4911","6.8207","127"
"","852.0459","6.8108","128"
"","851.0299","6.81","129"
"","852.038","6.816","130"
"","862.0574","6.8083","131"
"","229.2355","6.8252","132"
"","324.3465","6.8178","133"
"","469.3143","6.8427","134"
"","614.4797","6.8464","135"
"","805.5334","6.8167","136"
"","873.5613","6.7956","137"
"","544.3406","6.7023","138"
"","546.4033","6.6768","139"
"","568.3352","6.6616","140"
"","639.4072","6.6604","141"
"","551.3529","6.6818","142"
"","552.3576","6.6801","143"
"","805.5518","6.7042","144"
"","526.2919","6.6653","145"
"","527.297","6.66","146"
"","545.3389","6.7035","147"
"","590.4241","6.6631","148"
"","319.2427","6.4747","149"
"","389.1211","6.4268","150"
"","335.1251","6.4574","151"
"","433.177","6.441","152"
"","338.2618","6.3194","153"
"","338.2647","6.3194","153"
"","339.2702","6.3146","153"
"","349.19","6.2842","154"
"","645.0396","6.0284","155"
"","583.2548","6.0116","156"
"","552.3877","7.0134","157"
"","574.3705","7.0127","157"
"","917.5764","7.0342","158"
"","962.6074","7.0236","158"
"","956.6666","7.0198","159"
"","960.6975","7.0282","159"
"","491.8348","7.029","160"
"","510.3572","7.0326","161"
"","918.5842","7.0348","162"
"","334.2198","7.0282","163"
"","269.266","7.0085","164"
"","545.4027","7.0136","165"
"","643.2213","7.0222","166"
"","480.3444","7.029","167"
"","268.2635","7.0086","168"
"","511.3725","7.0236","169"
"","540.4444","7.018","170"
"","541.4497","7.0161","171"
"","510.3538","7.0326","172"
"","594.5246","7.0132","173"
"","846.6102","7.0225","174"
"","956.6471","7.0192","175"
"","956.6568","7.0192","176"
"","965.6289","7.027","177"
"","851.4046","6.1723","178"
"","310.2198","6.1375","179"
"","172.0789","7.1123","180"
"","626.4833","7.1152","181"
"","759.4843","7.1134","182"
"","243.2873","6.3285","183"
"","254.2114","6.1221","184"
"","276.1932","6.108","184"
"","290.2686","6.1194","185"
"","334.2358","6.0855","186"
"","288.2895","6.1198","187"
"","368.2795","6.1129","188"
"","413.2661","6.1067","189"
"","501.4047","6.0845","190"
"","596.4492","7.2586","191"
"","513.3578","6.4056","192"
"","647.1494","6.4136","193"
"","701.9559","6.4213","194"
"","266.1727","5.289","195"
"","277.1886","5.2972","196"
"","533.3824","6.9937","197"
"","930.6316","6.9998","197"
"","979.6134","6.9851","197"
"","522.8548","6.9889","198"
"","555.8596","6.9813","198"
"","584.4712","6.9988","199"
"","584.4745","6.9989","199"
"","195.1227","6.9785","200"
"","399.1935","6.9936","201"
"","533.8461","6.9936","202"
"","330.1054","5.6321","203"
"","525.2324","5.6092","204"
"","567.1331","5.6128","205"
"","304.301","6.2408","206"
"","304.3174","6.2604","206"
"","305.3028","6.237","206"
"","339.3732","6.2215","206"
"","358.2951","6.2293","206"
"","651.9958","6.2298","206"
"","305.1858","6.2134","207"
"","327.1709","6.2114","207"
"","476.9558","6.2467","208"
"","478.9523","6.2449","208"
"","252.2324","6.2444","209"
"","355.368","6.2137","210"
"","445.9594","7.4519","211"
"","463.4254","7.4493","212"
"","473.1029","7.4546","213"
"","316.2482","5.5034","214"
"","317.2511","5.5034","214"
"","316.269","5.5034","215"
"","543.0802","5.5289","216"
"","331.9742","7.6355","217"
"","458.8734","7.6592","217"
"","329.9585","7.6591","218"
"","179.0621","7.7216","219"
"","182.0767","7.6471","220"
"","282.1885","5.4572","221"
"","436.9233","5.4563","221"
"","357.9564","5.4151","222"
"","328.2482","5.4203","223"
"","272.9976","7.5973","224"
"","173.079","7.6124","225"
"","342.2636","5.9629","226"
"","154.9901","7.7603","227"
"","239.0889","7.7742","227"
"","211.0039","7.7438","228"
"","380.9486","7.7408","229"
"","180.0809","7.7492","230"
"","185.1147","7.7818","231"
"","261.0693","7.7859","232"
"","215.0921","7.9873","233"
"","236.0715","7.9873","234"
"","309.2034","7.9789","235"
"","337.0564","7.9787","236"
"","266.1231","7.9127","237"
"","285.154","7.9525","238"
"","181.1013","7.8754","239"
